Workbook

Sheet Patient Data
A1: CityHeal Hospital - Patient Admission & Treatment Records (2024)
A2: Case Study: Analyzing hospital patient data across departments and wards | Data Interpretation Lab
A3: P.ID | B3: Patient Name | C3: Age | D3: Gender | E3: Department | F3: Ward | G3: Days Admitted | H3: Treatment Cost (Rs.) | I3: Doctor Charges (Rs.) | J3: Total Bill (Rs.) | K3: Month
A4: P001 | B4: Rajesh Gupta | C4: 45 | D4: Male | E4: Cardiology | F4: General | G4: 5 | H4: 28000 | I4: 8000 | J4: =H4+I4 -> 36000 | K4: January
A5: P002 | B5: Sunita Sharma | C5: 32 | D5: Female | E5: Gynecology | F5: Private | G5: 3 | H5: 15000 | I5: 5000 | J5: =H5+I5 -> 20000 | K5: January
A6: P003 | B6: Amit Verma | C6: 60 | D6: Male | E6: Orthopedics | F6: General | G6: 7 | H6: 42000 | I6: 10000 | J6: =H6+I6 -> 52000 | K6: February
A7: P004 | B7: Priya Singh | C7: 28 | D7: Female | E7: Pediatrics | F7: General | G7: 2 | H7: 8000 | I7: 3000 | J7: =H7+I7 -> 11000 | K7: February
A8: P005 | B8: Vikram Rao | C8: 55 | D8: Male | E8: Neurology | F8: ICU | G8: 10 | H8: 65000 | I8: 15000 | J8: =H8+I8 -> 80000 | K8: March
A9: P006 | B9: Kavita Joshi | C9: 38 | D9: Female | E9: Cardiology | F9: Private | G9: 4 | H9: 32000 | I9: 9000 | J9: =H9+I9 -> 41000 | K9: March
A10: P007 | B10: Suresh Patel | C10: 50 | D10: Male | E10: Orthopedics | F10: General | G10: 6 | H10: 38000 | I10: 8000 | J10: =H10+I10 -> 46000 | K10: April
A11: P008 | B11: Meena Nair | C11: 42 | D11: Female | E11: Gynecology | F11: Private | G11: 3 | H11: 18000 | I11: 6000 | J11: =H11+I11 -> 24000 | K11: April
A12: P009 | B12: Arun Kumar | C12: 67 | D12: Male | E12: Cardiology | F12: ICU | G12: 12 | H12: 75000 | I12: 18000 | J12: =H12+I12 -> 93000 | K12: May
A13: P010 | B13: Divya Pillai | C13: 25 | D13: Female | E13: Pediatrics | F13: General | G13: 1 | H13: 5000 | I13: 2500 | J13: =H13+I13 -> 7500 | K13: May
A14: P011 | B14: Nikhil Arora | C14: 48 | D14: Male | E14: Neurology | F14: Private | G14: 8 | H14: 52000 | I14: 12000 | J14: =H14+I14 -> 64000 | K14: June
A15: P012 | B15: Rekha Mishra | C15: 35 | D15: Female | E15: Gynecology | F15: General | G15: 4 | H15: 20000 | I15: 5500 | J15: =H15+I15 -> 25500 | K15: June
... A21: P018 | B21: Leela Krishnan | C21: 36 | D21: Female | E21: Gynecology | F21: Private | G21: 3 | H21: 17000 | I21: 5500 | J21: =H21+I21 -> 22500 | K21: September
B22: TOTAL | G22: =SUM(G4:G21) -> 101 | H22: =SUM(H4:H21) -> 620000 | I22: =SUM(I4:I21) -> 159500 | J22: =SUM(J4:J21) -> 779500

Sheet Analysis & Formulas
A1: Data Analysis - 10 Excel Functions Applied to Patient Data
A2: # | B2: Function | C2: Formula Used | D2: Result | E2: Business Interpretation
A3: 1 | B3: SUM | C3: =SUM('Patient Data'!J4:J21) -> 779500 | D3: =SUM('Patient Data'!J4:J21) -> 779500 | E3: Adds all 18 total bills to get hospital's total revenue
A4: 2 | B4: AVERAGE | C4: =AVERAGE('Patient Data'!G4:G21) -> 5.6111111 | D4: =AVERAGE('Patient Data'!G4:G21) -> 5.6111111 | E4: Calculates average length of patient stay (days)
A5: 3 | B5: MAX | C5: =MAX('Patient Data'!J4:J21) -> 108000 | D5: =MAX('Patient Data'!J4:J21) -> 108000 | E5: Finds the highest total bill among all patients
A6: 4 | B6: MIN | C6: =MIN('Patient Data'!J4:J21) -> 7500 | D6: =MIN('Patient Data'!J4:J21) -> 7500 | E6: Finds the lowest total bill among all patients
A7: 5 | B7: COUNT | C7: =COUNT('Patient Data'!G4:G21) -> 18 | D7: =COUNT('Patient Data'!G4:G21) -> 18 | E7: Counts how many patient records have valid numeric stay days
A8: 6 | B8: COUNTIF | C8: =COUNTIF('Patient Data'!E4:E21,"Cardiology") -> 5 | D8: =COUNTIF('Patient Data'!E4:E21,"Cardiology") -> 5 | E8: Counts how many patients were admitted in Cardiology dept
A9: 7 | B9: SUMIF | C9: =SUMIF('Patient Data'!F4:F21,"ICU",'Patient Data'!J4:J21) -> 352000 | D9: =SUMIF('Patient Data'!F4:F21,"ICU",'Patient Data'!J4:J21) -> 352000 | E9: Total bills collected from ICU ward patients only
A10: 8 | B10: IF | C10: =IF(AVERAGE('Patient Data'!G4:G21)>5,"HIGH STAY","NORMAL STAY") -> HIGH STAY | D10: =IF(AVERAGE('Patient Data'!G4:G21)>5,"HIGH STAY","NORMAL STAY") -> HIGH STAY | E10: Checks if average patient stay exceeds 5 days threshold
A11: 9 | B11: VLOOKUP | C11: =VLOOKUP("P009",'Patient Data'!A4:J21,10,FALSE()) -> 93000 | D11: =VLOOKUP("P009",'Patient Data'!A4:J21,10,FALSE()) -> 93000 | E11: Retrieves total bill of patient ID P009 (Arun Kumar)
A12: 10 | B12: AVERAGEIF | C12: =AVERAGEIF('Patient Data'!E4:E21,"Neurology",'Patient Data'!G4:G21) -> 10.666667 | D12: =AVERAGEIF('Patient Data'!E4:E21,"Neurology",'Patient Data'!G4:G21) -> 10.666667 | E12: Average days admitted for Neurology department patients
